kind,library,codegen,api,test_case,repetition,iterations,bytes,elapsed_ns,ns_per_encode,encodes_per_second,checksum
protobuf,google_protobuf,speed,SerializeToString,one_string_ten_int64,1,1000000,49,57092747.000,57.093,17515359.701,49000000
protobuf,google_protobuf,speed,SerializeToString,one_string_ten_int64,2,1000000,49,55130507.000,55.131,18138777.501,49000000
protobuf,google_protobuf,speed,SerializeToString,one_string_ten_int64,3,1000000,49,56045340.000,56.045,17842696.645,49000000
protobuf,google_protobuf,speed,SerializeToString,one_string_ten_int64,4,1000000,49,55084925.000,55.085,18153787.084,49000000
protobuf,google_protobuf,speed,SerializeToString,one_string_ten_int64,5,1000000,49,55780769.000,55.781,17927325.455,49000000
protobuf,google_protobuf,speed,SerializeToString,one_string_ten_int64,6,1000000,49,55862884.000,55.863,17900973.390,49000000
protobuf,google_protobuf,speed,SerializeToString,one_string_ten_int64,7,1000000,49,56082064.000,56.082,17831012.782,49000000
protobuf,google_protobuf,speed,SerializeToString,one_string_ten_int64,8,1000000,49,54314310.000,54.314,18411354.208,49000000
protobuf,google_protobuf,speed,SerializeToString,one_string_ten_int64,9,1000000,49,54149616.000,54.150,18467351.643,49000000
protobuf,google_protobuf,speed,SerializeToString,one_string_ten_int64,10,1000000,49,53551912.000,53.552,18673469.586,49000000
protobuf,google_protobuf,speed,SerializeToArray_preallocated,one_string_ten_int64,1,1000000,49,54064598.000,54.065,18496392.038,49000000
protobuf,google_protobuf,speed,SerializeToArray_preallocated,one_string_ten_int64,2,1000000,49,54841512.000,54.842,18234362.320,49000000
protobuf,google_protobuf,speed,SerializeToArray_preallocated,one_string_ten_int64,3,1000000,49,51648530.000,51.649,19361635.268,49000000
protobuf,google_protobuf,speed,SerializeToArray_preallocated,one_string_ten_int64,4,1000000,49,51660803.000,51.661,19357035.546,49000000
protobuf,google_protobuf,speed,SerializeToArray_preallocated,one_string_ten_int64,5,1000000,49,50677975.000,50.678,19732438.007,49000000
protobuf,google_protobuf,speed,SerializeToArray_preallocated,one_string_ten_int64,6,1000000,49,53822593.000,53.823,18579558.216,49000000
protobuf,google_protobuf,speed,SerializeToArray_preallocated,one_string_ten_int64,7,1000000,49,53720077.000,53.720,18615014.271,49000000
protobuf,google_protobuf,speed,SerializeToArray_preallocated,one_string_ten_int64,8,1000000,49,52291826.000,52.292,19123447.707,49000000
protobuf,google_protobuf,speed,SerializeToArray_preallocated,one_string_ten_int64,9,1000000,49,53751539.000,53.752,18604118.479,49000000
protobuf,google_protobuf,speed,SerializeToArray_preallocated,one_string_ten_int64,10,1000000,49,53896406.000,53.896,18554112.866,49000000
protobuf,google_protobuf,speed,SerializeToString,one_string_ten_decimal_strings,1,1000000,213,144413949.000,144.414,6924538.848,213000000
protobuf,google_protobuf,speed,SerializeToString,one_string_ten_decimal_strings,2,1000000,213,145713105.000,145.713,6862800.707,213000000
protobuf,google_protobuf,speed,SerializeToString,one_string_ten_decimal_strings,3,1000000,213,148345592.000,148.346,6741015.938,213000000
protobuf,google_protobuf,speed,SerializeToString,one_string_ten_decimal_strings,4,1000000,213,143744354.000,143.744,6956794.978,213000000
protobuf,google_protobuf,speed,SerializeToString,one_string_ten_decimal_strings,5,1000000,213,144601845.000,144.602,6915541.085,213000000
protobuf,google_protobuf,speed,SerializeToString,one_string_ten_decimal_strings,6,1000000,213,145396762.000,145.397,6877732.257,213000000
protobuf,google_protobuf,speed,SerializeToString,one_string_ten_decimal_strings,7,1000000,213,144722808.000,144.723,6909760.900,213000000
protobuf,google_protobuf,speed,SerializeToString,one_string_ten_decimal_strings,8,1000000,213,146257684.000,146.258,6837247.607,213000000
protobuf,google_protobuf,speed,SerializeToString,one_string_ten_decimal_strings,9,1000000,213,146419669.000,146.420,6829683.517,213000000
protobuf,google_protobuf,speed,SerializeToString,one_string_ten_decimal_strings,10,1000000,213,149248146.000,149.248,6700250.735,213000000
protobuf,google_protobuf,speed,SerializeToArray_preallocated,one_string_ten_decimal_strings,1,1000000,213,140702923.000,140.703,7107172.891,213000000
protobuf,google_protobuf,speed,SerializeToArray_preallocated,one_string_ten_decimal_strings,2,1000000,213,142089658.000,142.090,7037809.888,213000000
protobuf,google_protobuf,speed,SerializeToArray_preallocated,one_string_ten_decimal_strings,3,1000000,213,141855106.000,141.855,7049446.637,213000000
protobuf,google_protobuf,speed,SerializeToArray_preallocated,one_string_ten_decimal_strings,4,1000000,213,141675284.000,141.675,7058394.180,213000000
protobuf,google_protobuf,speed,SerializeToArray_preallocated,one_string_ten_decimal_strings,5,1000000,213,141797632.000,141.798,7052303.948,213000000
protobuf,google_protobuf,speed,SerializeToArray_preallocated,one_string_ten_decimal_strings,6,1000000,213,143937666.000,143.938,6947451.823,213000000
protobuf,google_protobuf,speed,SerializeToArray_preallocated,one_string_ten_decimal_strings,7,1000000,213,142848086.000,142.848,7000443.814,213000000
protobuf,google_protobuf,speed,SerializeToArray_preallocated,one_string_ten_decimal_strings,8,1000000,213,141201501.000,141.202,7082077.690,213000000
protobuf,google_protobuf,speed,SerializeToArray_preallocated,one_string_ten_decimal_strings,9,1000000,213,142451844.000,142.452,7019916.148,213000000
protobuf,google_protobuf,speed,SerializeToArray_preallocated,one_string_ten_decimal_strings,10,1000000,213,142397616.000,142.398,7022589.479,213000000
protobuf,google_protobuf,speed,SerializeToString,ten_strings_fifty_decimal_strings,1,1000000,1193,776359346.000,776.359,1288063.324,1193000000
protobuf,google_protobuf,speed,SerializeToString,ten_strings_fifty_decimal_strings,2,1000000,1193,776715882.000,776.716,1287472.064,1193000000
protobuf,google_protobuf,speed,SerializeToString,ten_strings_fifty_decimal_strings,3,1000000,1193,777257668.000,777.258,1286574.634,1193000000
protobuf,google_protobuf,speed,SerializeToString,ten_strings_fifty_decimal_strings,4,1000000,1193,773464186.000,773.464,1292884.684,1193000000
protobuf,google_protobuf,speed,SerializeToString,ten_strings_fifty_decimal_strings,5,1000000,1193,775356339.000,775.356,1289729.573,1193000000
protobuf,google_protobuf,speed,SerializeToString,ten_strings_fifty_decimal_strings,6,1000000,1193,776618822.000,776.619,1287632.970,1193000000
protobuf,google_protobuf,speed,SerializeToString,ten_strings_fifty_decimal_strings,7,1000000,1193,775067420.000,775.067,1290210.341,1193000000
protobuf,google_protobuf,speed,SerializeToString,ten_strings_fifty_decimal_strings,8,1000000,1193,802595424.000,802.595,1245957.764,1193000000
protobuf,google_protobuf,speed,SerializeToString,ten_strings_fifty_decimal_strings,9,1000000,1193,779889416.000,779.889,1282233.070,1193000000
protobuf,google_protobuf,speed,SerializeToString,ten_strings_fifty_decimal_strings,10,1000000,1193,778945064.000,778.945,1283787.582,1193000000
protobuf,google_protobuf,speed,SerializeToArray_preallocated,ten_strings_fifty_decimal_strings,1,1000000,1193,774507172.000,774.507,1291143.628,1193000000
protobuf,google_protobuf,speed,SerializeToArray_preallocated,ten_strings_fifty_decimal_strings,2,1000000,1193,764882901.000,764.883,1307389.665,1193000000
protobuf,google_protobuf,speed,SerializeToArray_preallocated,ten_strings_fifty_decimal_strings,3,1000000,1193,767352907.000,767.353,1303181.354,1193000000
protobuf,google_protobuf,speed,SerializeToArray_preallocated,ten_strings_fifty_decimal_strings,4,1000000,1193,769561287.000,769.561,1299441.665,1193000000
protobuf,google_protobuf,speed,SerializeToArray_preallocated,ten_strings_fifty_decimal_strings,5,1000000,1193,794989784.000,794.990,1257877.799,1193000000
protobuf,google_protobuf,speed,SerializeToArray_preallocated,ten_strings_fifty_decimal_strings,6,1000000,1193,771262318.000,771.262,1296575.726,1193000000
protobuf,google_protobuf,speed,SerializeToArray_preallocated,ten_strings_fifty_decimal_strings,7,1000000,1193,770497186.000,770.497,1297863.273,1193000000
protobuf,google_protobuf,speed,SerializeToArray_preallocated,ten_strings_fifty_decimal_strings,8,1000000,1193,770382192.000,770.382,1298057.004,1193000000
protobuf,google_protobuf,speed,SerializeToArray_preallocated,ten_strings_fifty_decimal_strings,9,1000000,1193,772446442.000,772.446,1294588.137,1193000000
protobuf,google_protobuf,speed,SerializeToArray_preallocated,ten_strings_fifty_decimal_strings,10,1000000,1193,768332811.000,768.333,1301519.323,1193000000
protobuf,google_protobuf,code_size,SerializeToString,one_string_ten_int64,1,1000000,49,1190657079.000,1190.657,839872.384,49000000
protobuf,google_protobuf,code_size,SerializeToString,one_string_ten_int64,2,1000000,49,1157354870.000,1157.355,864039.221,49000000
protobuf,google_protobuf,code_size,SerializeToString,one_string_ten_int64,3,1000000,49,1180135585.000,1180.136,847360.263,49000000
protobuf,google_protobuf,code_size,SerializeToString,one_string_ten_int64,4,1000000,49,1156790226.000,1156.790,864460.969,49000000
protobuf,google_protobuf,code_size,SerializeToString,one_string_ten_int64,5,1000000,49,1155415427.000,1155.415,865489.569,49000000
protobuf,google_protobuf,code_size,SerializeToString,one_string_ten_int64,6,1000000,49,1163410188.000,1163.410,859542.069,49000000
protobuf,google_protobuf,code_size,SerializeToString,one_string_ten_int64,7,1000000,49,1159665829.000,1159.666,862317.381,49000000
protobuf,google_protobuf,code_size,SerializeToString,one_string_ten_int64,8,1000000,49,1158078577.000,1158.079,863499.265,49000000
protobuf,google_protobuf,code_size,SerializeToString,one_string_ten_int64,9,1000000,49,1157684210.000,1157.684,863793.417,49000000
protobuf,google_protobuf,code_size,SerializeToString,one_string_ten_int64,10,1000000,49,1158997352.000,1158.997,862814.741,49000000
protobuf,google_protobuf,code_size,SerializeToArray_preallocated,one_string_ten_int64,1,1000000,49,1155063551.000,1155.064,865753.230,49000000
protobuf,google_protobuf,code_size,SerializeToArray_preallocated,one_string_ten_int64,2,1000000,49,1187921727.000,1187.922,841806.305,49000000
protobuf,google_protobuf,code_size,SerializeToArray_preallocated,one_string_ten_int64,3,1000000,49,1180878647.000,1180.879,846827.066,49000000
protobuf,google_protobuf,code_size,SerializeToArray_preallocated,one_string_ten_int64,4,1000000,49,1169743916.000,1169.744,854887.968,49000000
protobuf,google_protobuf,code_size,SerializeToArray_preallocated,one_string_ten_int64,5,1000000,49,1156133883.000,1156.134,864951.728,49000000
protobuf,google_protobuf,code_size,SerializeToArray_preallocated,one_string_ten_int64,6,1000000,49,1170674742.000,1170.675,854208.231,49000000
protobuf,google_protobuf,code_size,SerializeToArray_preallocated,one_string_ten_int64,7,1000000,49,1157123866.000,1157.124,864211.714,49000000
protobuf,google_protobuf,code_size,SerializeToArray_preallocated,one_string_ten_int64,8,1000000,49,1153606730.000,1153.607,866846.538,49000000
protobuf,google_protobuf,code_size,SerializeToArray_preallocated,one_string_ten_int64,9,1000000,49,1153027974.000,1153.028,867281.647,49000000
protobuf,google_protobuf,code_size,SerializeToArray_preallocated,one_string_ten_int64,10,1000000,49,1153413668.000,1153.414,866991.633,49000000
protobuf,google_protobuf,code_size,SerializeToString,one_string_ten_decimal_strings,1,1000000,213,1414914388.000,1414.914,706756.542,213000000
protobuf,google_protobuf,code_size,SerializeToString,one_string_ten_decimal_strings,2,1000000,213,1412997507.000,1412.998,707715.332,213000000
protobuf,google_protobuf,code_size,SerializeToString,one_string_ten_decimal_strings,3,1000000,213,1417032421.000,1417.032,705700.156,213000000
protobuf,google_protobuf,code_size,SerializeToString,one_string_ten_decimal_strings,4,1000000,213,1412424218.000,1412.424,708002.587,213000000
protobuf,google_protobuf,code_size,SerializeToString,one_string_ten_decimal_strings,5,1000000,213,1413716751.000,1413.717,707355.274,213000000
protobuf,google_protobuf,code_size,SerializeToString,one_string_ten_decimal_strings,6,1000000,213,1416087644.000,1416.088,706170.980,213000000
protobuf,google_protobuf,code_size,SerializeToString,one_string_ten_decimal_strings,7,1000000,213,1415154485.000,1415.154,706636.633,213000000
protobuf,google_protobuf,code_size,SerializeToString,one_string_ten_decimal_strings,8,1000000,213,1418102175.000,1418.102,705167.806,213000000
protobuf,google_protobuf,code_size,SerializeToString,one_string_ten_decimal_strings,9,1000000,213,1412020756.000,1412.021,708204.887,213000000
protobuf,google_protobuf,code_size,SerializeToString,one_string_ten_decimal_strings,10,1000000,213,1411468690.000,1411.469,708481.886,213000000
protobuf,google_protobuf,code_size,SerializeToArray_preallocated,one_string_ten_decimal_strings,1,1000000,213,1422023762.000,1422.024,703223.129,213000000
protobuf,google_protobuf,code_size,SerializeToArray_preallocated,one_string_ten_decimal_strings,2,1000000,213,1420217960.000,1420.218,704117.275,213000000
protobuf,google_protobuf,code_size,SerializeToArray_preallocated,one_string_ten_decimal_strings,3,1000000,213,1417087472.000,1417.087,705672.741,213000000
protobuf,google_protobuf,code_size,SerializeToArray_preallocated,one_string_ten_decimal_strings,4,1000000,213,1413190743.000,1413.191,707618.561,213000000
protobuf,google_protobuf,code_size,SerializeToArray_preallocated,one_string_ten_decimal_strings,5,1000000,213,1415555365.000,1415.555,706436.516,213000000
protobuf,google_protobuf,code_size,SerializeToArray_preallocated,one_string_ten_decimal_strings,6,1000000,213,1424224406.000,1424.224,702136.542,213000000
protobuf,google_protobuf,code_size,SerializeToArray_preallocated,one_string_ten_decimal_strings,7,1000000,213,1416565942.000,1416.566,705932.545,213000000
protobuf,google_protobuf,code_size,SerializeToArray_preallocated,one_string_ten_decimal_strings,8,1000000,213,1421075393.000,1421.075,703692.432,213000000
protobuf,google_protobuf,code_size,SerializeToArray_preallocated,one_string_ten_decimal_strings,9,1000000,213,1448641124.000,1448.641,690302.093,213000000
protobuf,google_protobuf,code_size,SerializeToArray_preallocated,one_string_ten_decimal_strings,10,1000000,213,1454130220.000,1454.130,687696.319,213000000
protobuf,google_protobuf,code_size,SerializeToString,ten_strings_fifty_decimal_strings,1,1000000,1193,7309210291.000,7309.210,136813.686,1193000000
protobuf,google_protobuf,code_size,SerializeToString,ten_strings_fifty_decimal_strings,2,1000000,1193,7332601956.000,7332.602,136377.238,1193000000
protobuf,google_protobuf,code_size,SerializeToString,ten_strings_fifty_decimal_strings,3,1000000,1193,7379966825.000,7379.967,135501.964,1193000000
protobuf,google_protobuf,code_size,SerializeToString,ten_strings_fifty_decimal_strings,4,1000000,1193,7241794897.000,7241.795,138087.313,1193000000
protobuf,google_protobuf,code_size,SerializeToString,ten_strings_fifty_decimal_strings,5,1000000,1193,7203193099.000,7203.193,138827.321,1193000000
protobuf,google_protobuf,code_size,SerializeToString,ten_strings_fifty_decimal_strings,6,1000000,1193,7204758549.000,7204.759,138797.157,1193000000
protobuf,google_protobuf,code_size,SerializeToString,ten_strings_fifty_decimal_strings,7,1000000,1193,7326335472.000,7326.335,136493.886,1193000000
protobuf,google_protobuf,code_size,SerializeToString,ten_strings_fifty_decimal_strings,8,1000000,1193,7296867738.000,7296.868,137045.104,1193000000
protobuf,google_protobuf,code_size,SerializeToString,ten_strings_fifty_decimal_strings,9,1000000,1193,7313802018.000,7313.802,136727.792,1193000000
protobuf,google_protobuf,code_size,SerializeToString,ten_strings_fifty_decimal_strings,10,1000000,1193,7318790749.000,7318.791,136634.594,1193000000
protobuf,google_protobuf,code_size,SerializeToArray_preallocated,ten_strings_fifty_decimal_strings,1,1000000,1193,7266352310.000,7266.352,137620.632,1193000000
protobuf,google_protobuf,code_size,SerializeToArray_preallocated,ten_strings_fifty_decimal_strings,2,1000000,1193,7277945270.000,7277.945,137401.418,1193000000
protobuf,google_protobuf,code_size,SerializeToArray_preallocated,ten_strings_fifty_decimal_strings,3,1000000,1193,7210662912.000,7210.663,138683.504,1193000000
protobuf,google_protobuf,code_size,SerializeToArray_preallocated,ten_strings_fifty_decimal_strings,4,1000000,1193,7223344101.000,7223.344,138440.034,1193000000
protobuf,google_protobuf,code_size,SerializeToArray_preallocated,ten_strings_fifty_decimal_strings,5,1000000,1193,7192516426.000,7192.516,139033.398,1193000000
protobuf,google_protobuf,code_size,SerializeToArray_preallocated,ten_strings_fifty_decimal_strings,6,1000000,1193,7258618520.000,7258.619,137767.262,1193000000
protobuf,google_protobuf,code_size,SerializeToArray_preallocated,ten_strings_fifty_decimal_strings,7,1000000,1193,7337936295.000,7337.936,136278.098,1193000000
protobuf,google_protobuf,code_size,SerializeToArray_preallocated,ten_strings_fifty_decimal_strings,8,1000000,1193,7270327334.000,7270.327,137545.389,1193000000
protobuf,google_protobuf,code_size,SerializeToArray_preallocated,ten_strings_fifty_decimal_strings,9,1000000,1193,7269287449.000,7269.287,137565.065,1193000000
protobuf,google_protobuf,code_size,SerializeToArray_preallocated,ten_strings_fifty_decimal_strings,10,1000000,1193,7284317324.000,7284.317,137281.224,1193000000
protobuf,google_protobuf,lite_runtime,SerializeToString,one_string_ten_int64,1,1000000,49,53238144.000,53.238,18783524.835,49000000
protobuf,google_protobuf,lite_runtime,SerializeToString,one_string_ten_int64,2,1000000,49,55159136.000,55.159,18129363.013,49000000
protobuf,google_protobuf,lite_runtime,SerializeToString,one_string_ten_int64,3,1000000,49,53119266.000,53.119,18825561.332,49000000
protobuf,google_protobuf,lite_runtime,SerializeToString,one_string_ten_int64,4,1000000,49,51589972.000,51.590,19383611.993,49000000
protobuf,google_protobuf,lite_runtime,SerializeToString,one_string_ten_int64,5,1000000,49,55012282.000,55.012,18177758.923,49000000
protobuf,google_protobuf,lite_runtime,SerializeToString,one_string_ten_int64,6,1000000,49,51774730.000,51.775,19314441.620,49000000
protobuf,google_protobuf,lite_runtime,SerializeToString,one_string_ten_int64,7,1000000,49,53241225.000,53.241,18782437.857,49000000
protobuf,google_protobuf,lite_runtime,SerializeToString,one_string_ten_int64,8,1000000,49,52032791.000,52.033,19218650.024,49000000
protobuf,google_protobuf,lite_runtime,SerializeToString,one_string_ten_int64,9,1000000,49,51652888.000,51.653,19360001.710,49000000
protobuf,google_protobuf,lite_runtime,SerializeToString,one_string_ten_int64,10,1000000,49,52151916.000,52.152,19174750.933,49000000
protobuf,google_protobuf,lite_runtime,SerializeToArray_preallocated,one_string_ten_int64,1,1000000,49,48376349.000,48.376,20671258.180,49000000
protobuf,google_protobuf,lite_runtime,SerializeToArray_preallocated,one_string_ten_int64,2,1000000,49,49789761.000,49.790,20084450.697,49000000
protobuf,google_protobuf,lite_runtime,SerializeToArray_preallocated,one_string_ten_int64,3,1000000,49,50338083.000,50.338,19865675.060,49000000
protobuf,google_protobuf,lite_runtime,SerializeToArray_preallocated,one_string_ten_int64,4,1000000,49,51951664.000,51.952,19248661.602,49000000
protobuf,google_protobuf,lite_runtime,SerializeToArray_preallocated,one_string_ten_int64,5,1000000,49,49393626.000,49.394,20245527.227,49000000
protobuf,google_protobuf,lite_runtime,SerializeToArray_preallocated,one_string_ten_int64,6,1000000,49,51622064.000,51.622,19371561.742,49000000
protobuf,google_protobuf,lite_runtime,SerializeToArray_preallocated,one_string_ten_int64,7,1000000,49,51871335.000,51.871,19278470.469,49000000
protobuf,google_protobuf,lite_runtime,SerializeToArray_preallocated,one_string_ten_int64,8,1000000,49,50913440.000,50.913,19641179.225,49000000
protobuf,google_protobuf,lite_runtime,SerializeToArray_preallocated,one_string_ten_int64,9,1000000,49,50420278.000,50.420,19833290.090,49000000
protobuf,google_protobuf,lite_runtime,SerializeToArray_preallocated,one_string_ten_int64,10,1000000,49,52313532.000,52.314,19115512.980,49000000
protobuf,google_protobuf,lite_runtime,SerializeToString,one_string_ten_decimal_strings,1,1000000,213,142528818.000,142.529,7016124.978,213000000
protobuf,google_protobuf,lite_runtime,SerializeToString,one_string_ten_decimal_strings,2,1000000,213,144601354.000,144.601,6915564.567,213000000
protobuf,google_protobuf,lite_runtime,SerializeToString,one_string_ten_decimal_strings,3,1000000,213,144517507.000,144.518,6919576.879,213000000
protobuf,google_protobuf,lite_runtime,SerializeToString,one_string_ten_decimal_strings,4,1000000,213,146016594.000,146.017,6848536.681,213000000
protobuf,google_protobuf,lite_runtime,SerializeToString,one_string_ten_decimal_strings,5,1000000,213,145179290.000,145.179,6888034.788,213000000
protobuf,google_protobuf,lite_runtime,SerializeToString,one_string_ten_decimal_strings,6,1000000,213,145354728.000,145.355,6879721.174,213000000
protobuf,google_protobuf,lite_runtime,SerializeToString,one_string_ten_decimal_strings,7,1000000,213,144443442.000,144.443,6923124.970,213000000
protobuf,google_protobuf,lite_runtime,SerializeToString,one_string_ten_decimal_strings,8,1000000,213,146680783.000,146.681,6817525.647,213000000
protobuf,google_protobuf,lite_runtime,SerializeToString,one_string_ten_decimal_strings,9,1000000,213,145253422.000,145.253,6884519.388,213000000
protobuf,google_protobuf,lite_runtime,SerializeToString,one_string_ten_decimal_strings,10,1000000,213,145331209.000,145.331,6880834.522,213000000
protobuf,google_protobuf,lite_runtime,SerializeToArray_preallocated,one_string_ten_decimal_strings,1,1000000,213,140317122.000,140.317,7126714.016,213000000
protobuf,google_protobuf,lite_runtime,SerializeToArray_preallocated,one_string_ten_decimal_strings,2,1000000,213,138753726.000,138.754,7207013.670,213000000
protobuf,google_protobuf,lite_runtime,SerializeToArray_preallocated,one_string_ten_decimal_strings,3,1000000,213,140913623.000,140.914,7096545.946,213000000
protobuf,google_protobuf,lite_runtime,SerializeToArray_preallocated,one_string_ten_decimal_strings,4,1000000,213,140121893.000,140.122,7136643.522,213000000
protobuf,google_protobuf,lite_runtime,SerializeToArray_preallocated,one_string_ten_decimal_strings,5,1000000,213,139210550.000,139.211,7183363.617,213000000
protobuf,google_protobuf,lite_runtime,SerializeToArray_preallocated,one_string_ten_decimal_strings,6,1000000,213,140142620.000,140.143,7135588.017,213000000
protobuf,google_protobuf,lite_runtime,SerializeToArray_preallocated,one_string_ten_decimal_strings,7,1000000,213,142233409.000,142.233,7030696.986,213000000
protobuf,google_protobuf,lite_runtime,SerializeToArray_preallocated,one_string_ten_decimal_strings,8,1000000,213,139191925.000,139.192,7184324.809,213000000
protobuf,google_protobuf,lite_runtime,SerializeToArray_preallocated,one_string_ten_decimal_strings,9,1000000,213,143988317.000,143.988,6945007.906,213000000
protobuf,google_protobuf,lite_runtime,SerializeToArray_preallocated,one_string_ten_decimal_strings,10,1000000,213,140277622.000,140.278,7128720.788,213000000
protobuf,google_protobuf,lite_runtime,SerializeToString,ten_strings_fifty_decimal_strings,1,1000000,1193,764735659.000,764.736,1307641.390,1193000000
protobuf,google_protobuf,lite_runtime,SerializeToString,ten_strings_fifty_decimal_strings,2,1000000,1193,768791553.000,768.792,1300742.699,1193000000
protobuf,google_protobuf,lite_runtime,SerializeToString,ten_strings_fifty_decimal_strings,3,1000000,1193,763407484.000,763.407,1309916.422,1193000000
protobuf,google_protobuf,lite_runtime,SerializeToString,ten_strings_fifty_decimal_strings,4,1000000,1193,767442791.000,767.443,1303028.723,1193000000
protobuf,google_protobuf,lite_runtime,SerializeToString,ten_strings_fifty_decimal_strings,5,1000000,1193,770907685.000,770.908,1297172.177,1193000000
protobuf,google_protobuf,lite_runtime,SerializeToString,ten_strings_fifty_decimal_strings,6,1000000,1193,766949743.000,766.950,1303866.399,1193000000
protobuf,google_protobuf,lite_runtime,SerializeToString,ten_strings_fifty_decimal_strings,7,1000000,1193,771764625.000,771.765,1295731.843,1193000000
protobuf,google_protobuf,lite_runtime,SerializeToString,ten_strings_fifty_decimal_strings,8,1000000,1193,792279296.000,792.279,1262181.159,1193000000
protobuf,google_protobuf,lite_runtime,SerializeToString,ten_strings_fifty_decimal_strings,9,1000000,1193,767991938.000,767.992,1302097.002,1193000000
protobuf,google_protobuf,lite_runtime,SerializeToString,ten_strings_fifty_decimal_strings,10,1000000,1193,774081201.000,774.081,1291854.135,1193000000
protobuf,google_protobuf,lite_runtime,SerializeToArray_preallocated,ten_strings_fifty_decimal_strings,1,1000000,1193,765776960.000,765.777,1305863.263,1193000000
protobuf,google_protobuf,lite_runtime,SerializeToArray_preallocated,ten_strings_fifty_decimal_strings,2,1000000,1193,778990835.000,778.991,1283712.150,1193000000
protobuf,google_protobuf,lite_runtime,SerializeToArray_preallocated,ten_strings_fifty_decimal_strings,3,1000000,1193,768667287.000,768.667,1300952.983,1193000000
protobuf,google_protobuf,lite_runtime,SerializeToArray_preallocated,ten_strings_fifty_decimal_strings,4,1000000,1193,772372930.000,772.373,1294711.351,1193000000
protobuf,google_protobuf,lite_runtime,SerializeToArray_preallocated,ten_strings_fifty_decimal_strings,5,1000000,1193,766614967.000,766.615,1304435.790,1193000000
protobuf,google_protobuf,lite_runtime,SerializeToArray_preallocated,ten_strings_fifty_decimal_strings,6,1000000,1193,768949967.000,768.950,1300474.729,1193000000
protobuf,google_protobuf,lite_runtime,SerializeToArray_preallocated,ten_strings_fifty_decimal_strings,7,1000000,1193,771740382.000,771.740,1295772.546,1193000000
protobuf,google_protobuf,lite_runtime,SerializeToArray_preallocated,ten_strings_fifty_decimal_strings,8,1000000,1193,765704789.000,765.705,1305986.347,1193000000
protobuf,google_protobuf,lite_runtime,SerializeToArray_preallocated,ten_strings_fifty_decimal_strings,9,1000000,1193,770459294.000,770.459,1297927.104,1193000000
protobuf,google_protobuf,lite_runtime,SerializeToArray_preallocated,ten_strings_fifty_decimal_strings,10,1000000,1193,775052758.000,775.053,1290234.748,1193000000
protobuf,protobuf_c,c_generated,pack_preallocated,one_string_ten_int64,1,1000000,49,83426668.000,83.427,11986574.844,49000000
protobuf,protobuf_c,c_generated,pack_preallocated,one_string_ten_int64,2,1000000,49,83738149.000,83.738,11941988.352,49000000
protobuf,protobuf_c,c_generated,pack_preallocated,one_string_ten_int64,3,1000000,49,84208103.000,84.208,11875341.735,49000000
protobuf,protobuf_c,c_generated,pack_preallocated,one_string_ten_int64,4,1000000,49,83619346.000,83.619,11958955.049,49000000
protobuf,protobuf_c,c_generated,pack_preallocated,one_string_ten_int64,5,1000000,49,82844474.000,82.844,12070811.144,49000000
protobuf,protobuf_c,c_generated,pack_preallocated,one_string_ten_int64,6,1000000,49,84187648.000,84.188,11878227.077,49000000
protobuf,protobuf_c,c_generated,pack_preallocated,one_string_ten_int64,7,1000000,49,86148889.000,86.149,11607810.752,49000000
protobuf,protobuf_c,c_generated,pack_preallocated,one_string_ten_int64,8,1000000,49,83361629.000,83.362,11995926.807,49000000
protobuf,protobuf_c,c_generated,pack_preallocated,one_string_ten_int64,9,1000000,49,84351384.000,84.351,11855170.035,49000000
protobuf,protobuf_c,c_generated,pack_preallocated,one_string_ten_int64,10,1000000,49,84087019.000,84.087,11892442.043,49000000
protobuf,protobuf_c,c_generated,pack_preallocated,one_string_ten_decimal_strings,1,1000000,213,120248316.000,120.248,8316124.776,213000000
protobuf,protobuf_c,c_generated,pack_preallocated,one_string_ten_decimal_strings,2,1000000,213,121302251.000,121.302,8243870.099,213000000
protobuf,protobuf_c,c_generated,pack_preallocated,one_string_ten_decimal_strings,3,1000000,213,120633769.000,120.634,8289552.820,213000000
protobuf,protobuf_c,c_generated,pack_preallocated,one_string_ten_decimal_strings,4,1000000,213,120351298.000,120.351,8309008.848,213000000
protobuf,protobuf_c,c_generated,pack_preallocated,one_string_ten_decimal_strings,5,1000000,213,120466584.000,120.467,8301057.163,213000000
protobuf,protobuf_c,c_generated,pack_preallocated,one_string_ten_decimal_strings,6,1000000,213,121467429.000,121.467,8232659.638,213000000
protobuf,protobuf_c,c_generated,pack_preallocated,one_string_ten_decimal_strings,7,1000000,213,121738530.000,121.739,8214326.229,213000000
protobuf,protobuf_c,c_generated,pack_preallocated,one_string_ten_decimal_strings,8,1000000,213,122227791.000,122.228,8181445.413,213000000
protobuf,protobuf_c,c_generated,pack_preallocated,one_string_ten_decimal_strings,9,1000000,213,122536349.000,122.536,8160843.767,213000000
protobuf,protobuf_c,c_generated,pack_preallocated,one_string_ten_decimal_strings,10,1000000,213,120809739.000,120.810,8277478.358,213000000
protobuf,protobuf_c,c_generated,pack_preallocated,ten_strings_fifty_decimal_strings,1,1000000,1193,699586778.000,699.587,1429415.237,1193000000
protobuf,protobuf_c,c_generated,pack_preallocated,ten_strings_fifty_decimal_strings,2,1000000,1193,700388325.000,700.388,1427779.368,1193000000
protobuf,protobuf_c,c_generated,pack_preallocated,ten_strings_fifty_decimal_strings,3,1000000,1193,701940464.000,701.940,1424622.245,1193000000
protobuf,protobuf_c,c_generated,pack_preallocated,ten_strings_fifty_decimal_strings,4,1000000,1193,702076670.000,702.077,1424345.862,1193000000
protobuf,protobuf_c,c_generated,pack_preallocated,ten_strings_fifty_decimal_strings,5,1000000,1193,703527230.000,703.527,1421409.090,1193000000
protobuf,protobuf_c,c_generated,pack_preallocated,ten_strings_fifty_decimal_strings,6,1000000,1193,704012346.000,704.012,1420429.635,1193000000
protobuf,protobuf_c,c_generated,pack_preallocated,ten_strings_fifty_decimal_strings,7,1000000,1193,706190329.000,706.190,1416048.845,1193000000
protobuf,protobuf_c,c_generated,pack_preallocated,ten_strings_fifty_decimal_strings,8,1000000,1193,706163983.000,706.164,1416101.676,1193000000
protobuf,protobuf_c,c_generated,pack_preallocated,ten_strings_fifty_decimal_strings,9,1000000,1193,706733524.000,706.734,1414960.471,1193000000
protobuf,protobuf_c,c_generated,pack_preallocated,ten_strings_fifty_decimal_strings,10,1000000,1193,706301441.000,706.301,1415826.079,1193000000
json,rapidjson,n/a,writer,one_string_ten_int64,1,1000000,210,459354836.000,459.355,2176966.305,210000000
json,rapidjson,n/a,writer,one_string_ten_int64,2,1000000,210,459487066.000,459.487,2176339.823,210000000
json,rapidjson,n/a,writer,one_string_ten_int64,3,1000000,210,462482640.000,462.483,2162243.322,210000000
json,rapidjson,n/a,writer,one_string_ten_int64,4,1000000,210,460081791.000,460.082,2173526.576,210000000
json,rapidjson,n/a,writer,one_string_ten_int64,5,1000000,210,458934615.000,458.935,2178959.632,210000000
json,rapidjson,n/a,writer,one_string_ten_int64,6,1000000,210,458654460.000,458.654,2180290.583,210000000
json,rapidjson,n/a,writer,one_string_ten_int64,7,1000000,210,458000939.000,458.001,2183401.637,210000000
json,rapidjson,n/a,writer,one_string_ten_int64,8,1000000,210,457839400.000,457.839,2184172.004,210000000
json,rapidjson,n/a,writer,one_string_ten_int64,9,1000000,210,458032846.000,458.033,2183249.539,210000000
json,rapidjson,n/a,writer,one_string_ten_int64,10,1000000,210,457989614.000,457.990,2183455.627,210000000
json,nlohmann_json,n/a,dump,one_string_ten_int64,1,1000000,210,586806538.000,586.807,1704139.159,210000000
json,nlohmann_json,n/a,dump,one_string_ten_int64,2,1000000,210,587287478.000,587.287,1702743.609,210000000
json,nlohmann_json,n/a,dump,one_string_ten_int64,3,1000000,210,588272136.000,588.272,1699893.534,210000000
json,nlohmann_json,n/a,dump,one_string_ten_int64,4,1000000,210,586195735.000,586.196,1705914.834,210000000
json,nlohmann_json,n/a,dump,one_string_ten_int64,5,1000000,210,589071195.000,589.071,1697587.674,210000000
json,nlohmann_json,n/a,dump,one_string_ten_int64,6,1000000,210,584724911.000,584.725,1710205.913,210000000
json,nlohmann_json,n/a,dump,one_string_ten_int64,7,1000000,210,583533711.000,583.534,1713697.052,210000000
json,nlohmann_json,n/a,dump,one_string_ten_int64,8,1000000,210,589589190.000,589.589,1696096.226,210000000
json,nlohmann_json,n/a,dump,one_string_ten_int64,9,1000000,210,586692054.000,586.692,1704471.695,210000000
json,nlohmann_json,n/a,dump,one_string_ten_int64,10,1000000,210,586122310.000,586.122,1706128.538,210000000
json,jsoncpp,n/a,writeString,one_string_ten_int64,1,1000000,210,1626743813.000,1626.744,614724.944,210000000
json,jsoncpp,n/a,writeString,one_string_ten_int64,2,1000000,210,1651273852.000,1651.274,605593.069,210000000
json,jsoncpp,n/a,writeString,one_string_ten_int64,3,1000000,210,1636648287.000,1636.648,611004.825,210000000
json,jsoncpp,n/a,writeString,one_string_ten_int64,4,1000000,210,1628168631.000,1628.169,614186.996,210000000
json,jsoncpp,n/a,writeString,one_string_ten_int64,5,1000000,210,1635962082.000,1635.962,611261.111,210000000
json,jsoncpp,n/a,writeString,one_string_ten_int64,6,1000000,210,1635833957.000,1635.834,611308.988,210000000
json,jsoncpp,n/a,writeString,one_string_ten_int64,7,1000000,210,1631881632.000,1631.882,612789.543,210000000
json,jsoncpp,n/a,writeString,one_string_ten_int64,8,1000000,210,1627944008.000,1627.944,614271.741,210000000
json,jsoncpp,n/a,writeString,one_string_ten_int64,9,1000000,210,1629466481.000,1629.466,613697.803,210000000
json,jsoncpp,n/a,writeString,one_string_ten_int64,10,1000000,210,1682092370.000,1682.092,594497.673,210000000
json,boost_json,n/a,serialize,one_string_ten_int64,1,1000000,210,311285534.000,311.286,3212484.651,210000000
json,boost_json,n/a,serialize,one_string_ten_int64,2,1000000,210,312533812.000,312.534,3199653.803,210000000
json,boost_json,n/a,serialize,one_string_ten_int64,3,1000000,210,311248980.000,311.249,3212861.935,210000000
json,boost_json,n/a,serialize,one_string_ten_int64,4,1000000,210,318005051.000,318.005,3144604.140,210000000
json,boost_json,n/a,serialize,one_string_ten_int64,5,1000000,210,318913094.000,318.913,3135650.492,210000000
json,boost_json,n/a,serialize,one_string_ten_int64,6,1000000,210,318245959.000,318.246,3142223.716,210000000
json,boost_json,n/a,serialize,one_string_ten_int64,7,1000000,210,319461686.000,319.462,3130265.831,210000000
json,boost_json,n/a,serialize,one_string_ten_int64,8,1000000,210,311328981.000,311.329,3212036.338,210000000
json,boost_json,n/a,serialize,one_string_ten_int64,9,1000000,210,312460619.000,312.461,3200403.312,210000000
json,boost_json,n/a,serialize,one_string_ten_int64,10,1000000,210,311556262.000,311.556,3209693.150,210000000
json,yyjson,n/a,mut_write,one_string_ten_int64,1,1000000,265,143000800.000,143.001,6992967.872,265000000
json,yyjson,n/a,mut_write,one_string_ten_int64,2,1000000,265,142883628.000,142.884,6998702.469,265000000
json,yyjson,n/a,mut_write,one_string_ten_int64,3,1000000,265,143385670.000,143.386,6974197.631,265000000
json,yyjson,n/a,mut_write,one_string_ten_int64,4,1000000,265,143403359.000,143.403,6973337.354,265000000
json,yyjson,n/a,mut_write,one_string_ten_int64,5,1000000,265,143631698.000,143.632,6962251.466,265000000
json,yyjson,n/a,mut_write,one_string_ten_int64,6,1000000,265,143245784.000,143.246,6981008.251,265000000
json,yyjson,n/a,mut_write,one_string_ten_int64,7,1000000,265,142816179.000,142.816,7002007.805,265000000
json,yyjson,n/a,mut_write,one_string_ten_int64,8,1000000,265,144592693.000,144.593,6915978.804,265000000
json,yyjson,n/a,mut_write,one_string_ten_int64,9,1000000,265,142822567.000,142.823,7001694.627,265000000
json,yyjson,n/a,mut_write,one_string_ten_int64,10,1000000,265,168928489.000,168.928,5919664.622,265000000
json,rapidjson,n/a,writer,one_string_ten_decimal_strings,1,1000000,364,1006748975.000,1006.749,993296.268,364000000
json,rapidjson,n/a,writer,one_string_ten_decimal_strings,2,1000000,364,1004018861.000,1004.019,995997.226,364000000
json,rapidjson,n/a,writer,one_string_ten_decimal_strings,3,1000000,364,1014127930.000,1014.128,986068.888,364000000
json,rapidjson,n/a,writer,one_string_ten_decimal_strings,4,1000000,364,1004800886.000,1004.801,995222.052,364000000
json,rapidjson,n/a,writer,one_string_ten_decimal_strings,5,1000000,364,1006737555.000,1006.738,993307.536,364000000
json,rapidjson,n/a,writer,one_string_ten_decimal_strings,6,1000000,364,1002139235.000,1002.139,997865.332,364000000
json,rapidjson,n/a,writer,one_string_ten_decimal_strings,7,1000000,364,1002274910.000,1002.275,997730.253,364000000
json,rapidjson,n/a,writer,one_string_ten_decimal_strings,8,1000000,364,1005993022.000,1005.993,994042.680,364000000
json,rapidjson,n/a,writer,one_string_ten_decimal_strings,9,1000000,364,1007532503.000,1007.533,992523.811,364000000
json,rapidjson,n/a,writer,one_string_ten_decimal_strings,10,1000000,364,1006757259.000,1006.757,993288.095,364000000
json,nlohmann_json,n/a,dump,one_string_ten_decimal_strings,1,1000000,364,1106556538.000,1106.557,903704.389,364000000
json,nlohmann_json,n/a,dump,one_string_ten_decimal_strings,2,1000000,364,1070537037.000,1070.537,934110.606,364000000
json,nlohmann_json,n/a,dump,one_string_ten_decimal_strings,3,1000000,364,1076741551.000,1076.742,928727.975,364000000
json,nlohmann_json,n/a,dump,one_string_ten_decimal_strings,4,1000000,364,1104025188.000,1104.025,905776.436,364000000
json,nlohmann_json,n/a,dump,one_string_ten_decimal_strings,5,1000000,364,1068776849.000,1068.777,935649.009,364000000
json,nlohmann_json,n/a,dump,one_string_ten_decimal_strings,6,1000000,364,1087107967.000,1087.108,919871.835,364000000
json,nlohmann_json,n/a,dump,one_string_ten_decimal_strings,7,1000000,364,1101037529.000,1101.038,908234.255,364000000
json,nlohmann_json,n/a,dump,one_string_ten_decimal_strings,8,1000000,364,1077189625.000,1077.190,928341.656,364000000
json,nlohmann_json,n/a,dump,one_string_ten_decimal_strings,9,1000000,364,1078259181.000,1078.259,927420.807,364000000
json,nlohmann_json,n/a,dump,one_string_ten_decimal_strings,10,1000000,364,1090943286.000,1090.943,916637.934,364000000
json,jsoncpp,n/a,writeString,one_string_ten_decimal_strings,1,1000000,364,1806577898.000,1806.578,553532.732,364000000
json,jsoncpp,n/a,writeString,one_string_ten_decimal_strings,2,1000000,364,1814325390.000,1814.325,551169.049,364000000
json,jsoncpp,n/a,writeString,one_string_ten_decimal_strings,3,1000000,364,1811817113.000,1811.817,551932.087,364000000
json,jsoncpp,n/a,writeString,one_string_ten_decimal_strings,4,1000000,364,1815442923.000,1815.443,550829.766,364000000
json,jsoncpp,n/a,writeString,one_string_ten_decimal_strings,5,1000000,364,1815190957.000,1815.191,550906.226,364000000
json,jsoncpp,n/a,writeString,one_string_ten_decimal_strings,6,1000000,364,1816031548.000,1816.032,550651.227,364000000
json,jsoncpp,n/a,writeString,one_string_ten_decimal_strings,7,1000000,364,1817075163.000,1817.075,550334.967,364000000
json,jsoncpp,n/a,writeString,one_string_ten_decimal_strings,8,1000000,364,1813220792.000,1813.221,551504.816,364000000
json,jsoncpp,n/a,writeString,one_string_ten_decimal_strings,9,1000000,364,1813566559.000,1813.567,551399.669,364000000
json,jsoncpp,n/a,writeString,one_string_ten_decimal_strings,10,1000000,364,1813263706.000,1813.264,551491.764,364000000
json,boost_json,n/a,serialize,one_string_ten_decimal_strings,1,1000000,364,222897498.000,222.897,4486367.092,364000000
json,boost_json,n/a,serialize,one_string_ten_decimal_strings,2,1000000,364,222469471.000,222.469,4494998.777,364000000
json,boost_json,n/a,serialize,one_string_ten_decimal_strings,3,1000000,364,224174848.000,224.175,4460803.738,364000000
json,boost_json,n/a,serialize,one_string_ten_decimal_strings,4,1000000,364,223602318.000,223.602,4472225.552,364000000
json,boost_json,n/a,serialize,one_string_ten_decimal_strings,5,1000000,364,225151530.000,225.152,4441453.274,364000000
json,boost_json,n/a,serialize,one_string_ten_decimal_strings,6,1000000,364,225077016.000,225.077,4442923.661,364000000
json,boost_json,n/a,serialize,one_string_ten_decimal_strings,7,1000000,364,224641154.000,224.641,4451544.084,364000000
json,boost_json,n/a,serialize,one_string_ten_decimal_strings,8,1000000,364,224290526.000,224.291,4458503.076,364000000
json,boost_json,n/a,serialize,one_string_ten_decimal_strings,9,1000000,364,224661474.000,224.661,4451141.454,364000000
json,boost_json,n/a,serialize,one_string_ten_decimal_strings,10,1000000,364,221889852.000,221.890,4506740.579,364000000
json,yyjson,n/a,mut_write,one_string_ten_decimal_strings,1,1000000,419,241158612.000,241.159,4146648.514,419000000
json,yyjson,n/a,mut_write,one_string_ten_decimal_strings,2,1000000,419,241764196.000,241.764,4136261.765,419000000
json,yyjson,n/a,mut_write,one_string_ten_decimal_strings,3,1000000,419,242045214.000,242.045,4131459.505,419000000
json,yyjson,n/a,mut_write,one_string_ten_decimal_strings,4,1000000,419,241931767.000,241.932,4133396.835,419000000
json,yyjson,n/a,mut_write,one_string_ten_decimal_strings,5,1000000,419,241909220.000,241.909,4133782.086,419000000
json,yyjson,n/a,mut_write,one_string_ten_decimal_strings,6,1000000,419,241561443.000,241.561,4139733.509,419000000
json,yyjson,n/a,mut_write,one_string_ten_decimal_strings,7,1000000,419,242914123.000,242.914,4116681.186,419000000
json,yyjson,n/a,mut_write,one_string_ten_decimal_strings,8,1000000,419,242260201.000,242.260,4127793.157,419000000
json,yyjson,n/a,mut_write,one_string_ten_decimal_strings,9,1000000,419,242760644.000,242.761,4119283.849,419000000
json,yyjson,n/a,mut_write,one_string_ten_decimal_strings,10,1000000,419,241610765.000,241.611,4138888.431,419000000
json,rapidjson,n/a,writer,ten_strings_fifty_decimal_strings,1,1000000,1979,5258542741.000,5258.543,190166.753,1979000000
json,rapidjson,n/a,writer,ten_strings_fifty_decimal_strings,2,1000000,1979,5311189685.000,5311.190,188281.733,1979000000
json,rapidjson,n/a,writer,ten_strings_fifty_decimal_strings,3,1000000,1979,5353430271.000,5353.430,186796.119,1979000000
json,rapidjson,n/a,writer,ten_strings_fifty_decimal_strings,4,1000000,1979,5309205758.000,5309.206,188352.090,1979000000
json,rapidjson,n/a,writer,ten_strings_fifty_decimal_strings,5,1000000,1979,5279006840.000,5279.007,189429.571,1979000000
json,rapidjson,n/a,writer,ten_strings_fifty_decimal_strings,6,1000000,1979,5259008466.000,5259.008,190149.913,1979000000
json,rapidjson,n/a,writer,ten_strings_fifty_decimal_strings,7,1000000,1979,5308974715.000,5308.975,188360.287,1979000000
json,rapidjson,n/a,writer,ten_strings_fifty_decimal_strings,8,1000000,1979,5330588362.000,5330.588,187596.553,1979000000
json,rapidjson,n/a,writer,ten_strings_fifty_decimal_strings,9,1000000,1979,5277981708.000,5277.982,189466.363,1979000000
json,rapidjson,n/a,writer,ten_strings_fifty_decimal_strings,10,1000000,1979,5299000547.000,5299.001,188714.832,1979000000
json,nlohmann_json,n/a,dump,ten_strings_fifty_decimal_strings,1,1000000,1979,5702738776.000,5702.739,175354.341,1979000000
json,nlohmann_json,n/a,dump,ten_strings_fifty_decimal_strings,2,1000000,1979,5653874841.000,5653.875,176869.851,1979000000
json,nlohmann_json,n/a,dump,ten_strings_fifty_decimal_strings,3,1000000,1979,5695319653.000,5695.320,175582.770,1979000000
json,nlohmann_json,n/a,dump,ten_strings_fifty_decimal_strings,4,1000000,1979,5652693172.000,5652.693,176906.825,1979000000
json,nlohmann_json,n/a,dump,ten_strings_fifty_decimal_strings,5,1000000,1979,5631545886.000,5631.546,177571.136,1979000000
json,nlohmann_json,n/a,dump,ten_strings_fifty_decimal_strings,6,1000000,1979,5680645155.000,5680.645,176036.343,1979000000
json,nlohmann_json,n/a,dump,ten_strings_fifty_decimal_strings,7,1000000,1979,5694201795.000,5694.202,175617.239,1979000000
json,nlohmann_json,n/a,dump,ten_strings_fifty_decimal_strings,8,1000000,1979,5672238578.000,5672.239,176297.239,1979000000
json,nlohmann_json,n/a,dump,ten_strings_fifty_decimal_strings,9,1000000,1979,5656042469.000,5656.042,176802.067,1979000000
json,nlohmann_json,n/a,dump,ten_strings_fifty_decimal_strings,10,1000000,1979,5677278140.000,5677.278,176140.745,1979000000
json,jsoncpp,n/a,writeString,ten_strings_fifty_decimal_strings,1,1000000,1979,9643497265.000,9643.497,103696.820,1979000000
json,jsoncpp,n/a,writeString,ten_strings_fifty_decimal_strings,2,1000000,1979,9638441255.000,9638.441,103751.216,1979000000
json,jsoncpp,n/a,writeString,ten_strings_fifty_decimal_strings,3,1000000,1979,9616561195.000,9616.561,103987.276,1979000000
json,jsoncpp,n/a,writeString,ten_strings_fifty_decimal_strings,4,1000000,1979,9727906478.000,9727.906,102797.041,1979000000
json,jsoncpp,n/a,writeString,ten_strings_fifty_decimal_strings,5,1000000,1979,9652833964.000,9652.834,103596.519,1979000000
json,jsoncpp,n/a,writeString,ten_strings_fifty_decimal_strings,6,1000000,1979,9651083086.000,9651.083,103615.314,1979000000
json,jsoncpp,n/a,writeString,ten_strings_fifty_decimal_strings,7,1000000,1979,9639454034.000,9639.454,103740.315,1979000000
json,jsoncpp,n/a,writeString,ten_strings_fifty_decimal_strings,8,1000000,1979,9672130817.000,9672.131,103389.834,1979000000
json,jsoncpp,n/a,writeString,ten_strings_fifty_decimal_strings,9,1000000,1979,9666530026.000,9666.530,103449.738,1979000000
json,jsoncpp,n/a,writeString,ten_strings_fifty_decimal_strings,10,1000000,1979,9667414864.000,9667.415,103440.270,1979000000
json,boost_json,n/a,serialize,ten_strings_fifty_decimal_strings,1,1000000,1979,1122953625.000,1122.954,890508.724,1979000000
json,boost_json,n/a,serialize,ten_strings_fifty_decimal_strings,2,1000000,1979,1125533882.000,1125.534,888467.256,1979000000
json,boost_json,n/a,serialize,ten_strings_fifty_decimal_strings,3,1000000,1979,1125558467.000,1125.558,888447.850,1979000000
json,boost_json,n/a,serialize,ten_strings_fifty_decimal_strings,4,1000000,1979,1127600630.000,1127.601,886838.809,1979000000
json,boost_json,n/a,serialize,ten_strings_fifty_decimal_strings,5,1000000,1979,1125247161.000,1125.247,888693.644,1979000000
json,boost_json,n/a,serialize,ten_strings_fifty_decimal_strings,6,1000000,1979,1124767706.000,1124.768,889072.468,1979000000
json,boost_json,n/a,serialize,ten_strings_fifty_decimal_strings,7,1000000,1979,1124941262.000,1124.941,888935.302,1979000000
json,boost_json,n/a,serialize,ten_strings_fifty_decimal_strings,8,1000000,1979,1124723415.000,1124.723,889107.479,1979000000
json,boost_json,n/a,serialize,ten_strings_fifty_decimal_strings,9,1000000,1979,1124572674.000,1124.573,889226.657,1979000000
json,boost_json,n/a,serialize,ten_strings_fifty_decimal_strings,10,1000000,1979,1125920804.000,1125.921,888161.935,1979000000
json,yyjson,n/a,mut_write,ten_strings_fifty_decimal_strings,1,1000000,2279,1003139687.000,1003.140,996870.140,2279000000
json,yyjson,n/a,mut_write,ten_strings_fifty_decimal_strings,2,1000000,2279,1026933453.000,1026.933,973772.932,2279000000
json,yyjson,n/a,mut_write,ten_strings_fifty_decimal_strings,3,1000000,2279,1000352997.000,1000.353,999647.128,2279000000
json,yyjson,n/a,mut_write,ten_strings_fifty_decimal_strings,4,1000000,2279,1037271380.000,1037.271,964067.860,2279000000
json,yyjson,n/a,mut_write,ten_strings_fifty_decimal_strings,5,1000000,2279,1001290781.000,1001.291,998710.883,2279000000
json,yyjson,n/a,mut_write,ten_strings_fifty_decimal_strings,6,1000000,2279,1004991271.000,1004.991,995033.518,2279000000
json,yyjson,n/a,mut_write,ten_strings_fifty_decimal_strings,7,1000000,2279,1012300277.000,1012.300,987849.181,2279000000
json,yyjson,n/a,mut_write,ten_strings_fifty_decimal_strings,8,1000000,2279,1009498336.000,1009.498,990591.034,2279000000
json,yyjson,n/a,mut_write,ten_strings_fifty_decimal_strings,9,1000000,2279,1004185945.000,1004.186,995831.504,2279000000
json,yyjson,n/a,mut_write,ten_strings_fifty_decimal_strings,10,1000000,2279,1006095174.000,1006.095,993941.752,2279000000
