mode,test_case,repetition,iterations,completed,dropped,payload_bytes,hot_elapsed_ns,worker_wall_ns,hot_mean_ns,hot_p50_ns,hot_p99_ns,worker_mean_ns,worker_p50_ns,worker_p99_ns,checksum
sync_both,one_string_ten_int64,1,1000000,1000000,0,55,267605945,267605945,244.571,250,292,244.571,250,292,143000000
sync_both,one_string_ten_decimal_strings,1,1000000,1000000,0,219,340461386,340461386,318.451,333,375,318.451,333,375,421000000
sync_both,ten_strings_fifty_decimal_strings,1,1000000,1000000,0,1199,1314080260,1314080260,1289.544,1249,2541,1289.544,1249,2541,2287000000
sync_both,one_string_ten_int64,2,1000000,1000000,0,55,250260196,250260196,229.097,209,250,229.097,209,250,143000000
sync_both,one_string_ten_decimal_strings,2,1000000,1000000,0,219,335786921,335786921,314.222,292,334,314.222,292,334,421000000
sync_both,ten_strings_fifty_decimal_strings,2,1000000,1000000,0,1199,1258808104,1258808104,1236.156,1208,1333,1236.156,1208,1333,2287000000
sync_both,one_string_ten_int64,3,1000000,1000000,0,55,250530144,250530144,229.277,209,250,229.277,209,250,143000000
sync_both,one_string_ten_decimal_strings,3,1000000,1000000,0,219,338442363,338442363,316.610,333,375,316.610,333,375,421000000
sync_both,ten_strings_fifty_decimal_strings,3,1000000,1000000,0,1199,1280537124,1280537124,1256.044,1249,1375,1256.044,1249,1375,2287000000
sync_both,one_string_ten_int64,4,1000000,1000000,0,55,255655563,255655563,233.973,250,250,233.973,250,250,143000000
sync_both,one_string_ten_decimal_strings,4,1000000,1000000,0,219,336016168,336016168,314.395,333,334,314.395,333,334,421000000
sync_both,ten_strings_fifty_decimal_strings,4,1000000,1000000,0,1199,1283139909,1283139909,1260.402,1209,1375,1260.402,1209,1375,2287000000
sync_both,one_string_ten_int64,5,1000000,1000000,0,55,249264098,249264098,228.149,209,250,228.149,209,250,143000000
sync_both,one_string_ten_decimal_strings,5,1000000,1000000,0,219,331289172,331289172,310.014,292,334,310.014,292,334,421000000
sync_both,ten_strings_fifty_decimal_strings,5,1000000,1000000,0,1199,1258251045,1258251045,1234.681,1208,1333,1234.681,1208,1333,2287000000
sync_both,one_string_ten_int64,6,1000000,1000000,0,55,250013245,250013245,228.795,209,250,228.795,209,250,143000000
sync_both,one_string_ten_decimal_strings,6,1000000,1000000,0,219,332470650,332470650,311.123,292,334,311.123,292,334,421000000
sync_both,ten_strings_fifty_decimal_strings,6,1000000,1000000,0,1199,1257337349,1257337349,1235.555,1208,1333,1235.555,1208,1333,2287000000
sync_both,one_string_ten_int64,7,1000000,1000000,0,55,256398293,256398293,234.417,250,291,234.417,250,291,143000000
sync_both,one_string_ten_decimal_strings,7,1000000,1000000,0,219,333536360,333536360,312.091,292,375,312.091,292,375,421000000
sync_both,ten_strings_fifty_decimal_strings,7,1000000,1000000,0,1199,1265699679,1265699679,1242.421,1249,1334,1242.421,1249,1334,2287000000
sync_both,one_string_ten_int64,8,1000000,1000000,0,55,260763277,260763277,238.577,250,292,238.577,250,292,143000000
sync_both,one_string_ten_decimal_strings,8,1000000,1000000,0,219,344777671,344777671,322.543,333,375,322.543,333,375,421000000
sync_both,ten_strings_fifty_decimal_strings,8,1000000,1000000,0,1199,1282393262,1282393262,1259.499,1249,1416,1259.499,1249,1416,2287000000
sync_both,one_string_ten_int64,9,1000000,1000000,0,55,252325878,252325878,230.884,209,250,230.884,209,250,143000000
sync_both,one_string_ten_decimal_strings,9,1000000,1000000,0,219,330909371,330909371,309.590,292,334,309.590,292,334,421000000
sync_both,ten_strings_fifty_decimal_strings,9,1000000,1000000,0,1199,1299375623,1299375623,1272.682,1249,1458,1272.682,1249,1458,2287000000
sync_both,one_string_ten_int64,10,1000000,1000000,0,55,249313505,249313505,227.827,209,250,227.827,209,250,143000000
sync_both,one_string_ten_decimal_strings,10,1000000,1000000,0,219,361676881,361676881,338.044,333,709,338.044,333,709,421000000
sync_both,ten_strings_fifty_decimal_strings,10,1000000,1000000,0,1199,1263159715,1263159715,1237.316,1208,1333,1237.316,1208,1333,2287000000
async_handoff,one_string_ten_int64,1,1000000,1000000,0,55,81448935,81530461,46.096,42,84,19.898,0,42,0
async_handoff,one_string_ten_decimal_strings,1,1000000,1000000,0,219,115378580,115378664,67.038,83,84,19.942,0,42,0
async_handoff,ten_strings_fifty_decimal_strings,1,1000000,1000000,0,1199,120931249,120931291,68.933,83,84,19.855,0,42,0
async_handoff,one_string_ten_int64,2,1000000,1000000,0,55,86017421,86017462,50.759,42,84,19.857,0,42,0
async_handoff,one_string_ten_decimal_strings,2,1000000,1000000,0,219,121605910,121606034,68.848,83,84,20.053,0,42,0
async_handoff,ten_strings_fifty_decimal_strings,2,1000000,1000000,0,1199,119038617,119038700,68.255,83,84,20.130,0,42,0
async_handoff,one_string_ten_int64,3,1000000,1000000,0,55,96898136,96898219,61.204,42,84,20.180,0,42,0
async_handoff,one_string_ten_decimal_strings,3,1000000,1000000,0,219,119629086,119629544,68.368,83,84,19.855,0,42,0
async_handoff,ten_strings_fifty_decimal_strings,3,1000000,1000000,0,1199,117789861,117789902,67.710,83,84,19.964,0,42,0
async_handoff,one_string_ten_int64,4,1000000,1000000,0,55,83916372,83956072,49.382,42,84,19.918,0,42,0
async_handoff,one_string_ten_decimal_strings,4,1000000,1000000,0,219,119412420,119412503,68.265,83,84,19.852,0,42,0
async_handoff,ten_strings_fifty_decimal_strings,4,1000000,1000000,0,1199,120359361,120359485,68.703,83,84,19.969,0,42,0
async_handoff,one_string_ten_int64,5,1000000,1000000,0,55,88625996,88626205,52.726,42,84,19.795,0,42,0
async_handoff,one_string_ten_decimal_strings,5,1000000,1000000,0,219,119909282,119909407,68.866,83,84,20.112,0,42,0
async_handoff,ten_strings_fifty_decimal_strings,5,1000000,1000000,0,1199,118532216,118532340,67.840,83,84,19.913,0,42,0
async_handoff,one_string_ten_int64,6,1000000,1000000,0,55,86488538,86488621,51.011,42,84,19.817,0,42,0
async_handoff,one_string_ten_decimal_strings,6,1000000,1000000,0,219,119802052,119802136,68.493,83,84,20.030,0,42,0
async_handoff,ten_strings_fifty_decimal_strings,6,1000000,1000000,0,1199,122221331,122221414,69.501,83,84,19.797,0,42,0
async_handoff,one_string_ten_int64,7,1000000,1000000,0,55,89013629,89013670,54.458,42,84,19.808,0,42,0
async_handoff,one_string_ten_decimal_strings,7,1000000,1000000,0,219,122243952,122243993,69.379,83,84,19.900,0,42,0
async_handoff,ten_strings_fifty_decimal_strings,7,1000000,1000000,0,1199,120239259,120239300,67.936,83,84,20.414,0,42,0
async_handoff,one_string_ten_int64,8,1000000,1000000,0,55,82319599,82393710,47.155,42,84,19.991,0,42,0
async_handoff,one_string_ten_decimal_strings,8,1000000,1000000,0,219,116774684,116774725,67.102,83,84,19.964,0,42,0
async_handoff,ten_strings_fifty_decimal_strings,8,1000000,1000000,0,1199,120572069,120572152,69.167,83,84,19.947,0,42,0
async_handoff,one_string_ten_int64,9,1000000,1000000,0,55,81725048,81730089,46.685,42,84,19.801,0,42,0
async_handoff,one_string_ten_decimal_strings,9,1000000,1000000,0,219,119613672,119613798,68.458,83,84,19.852,0,42,0
async_handoff,ten_strings_fifty_decimal_strings,9,1000000,1000000,0,1199,118924265,118924348,68.001,83,84,19.940,0,42,0
async_handoff,one_string_ten_int64,10,1000000,1000000,0,55,86422218,86422342,51.107,42,84,19.895,0,42,0
async_handoff,one_string_ten_decimal_strings,10,1000000,1000000,0,219,119141722,119141848,68.625,83,84,20.071,0,42,0
async_handoff,ten_strings_fifty_decimal_strings,10,1000000,1000000,0,1199,122727816,122727858,69.660,83,84,19.965,0,42,0
async_protobuf,one_string_ten_int64,1,1000000,1000000,0,55,55970020,161946348,30.242,41,83,128.782,125,167,55000000
async_protobuf,one_string_ten_decimal_strings,1,1000000,1000000,0,219,53077625,290258367,25.971,41,42,260.225,250,292,219000000
async_protobuf,ten_strings_fifty_decimal_strings,1,1000000,1000000,0,1199,45163666,1202602962,22.379,41,42,1174.875,1041,2791,1199000000
async_protobuf,one_string_ten_int64,2,1000000,1000000,0,55,55593010,161337674,29.987,41,83,128.447,125,167,55000000
async_protobuf,one_string_ten_decimal_strings,2,1000000,1000000,0,219,52846879,290446915,25.975,41,42,260.298,250,292,219000000
async_protobuf,ten_strings_fifty_decimal_strings,2,1000000,1000000,0,1199,45324843,1049992506,22.502,41,42,1025.512,1000,1125,1199000000
async_protobuf,one_string_ten_int64,3,1000000,1000000,0,55,55954815,161742637,30.763,41,83,128.299,125,167,55000000
async_protobuf,one_string_ten_decimal_strings,3,1000000,1000000,0,219,52969022,292849155,26.155,41,83,262.449,250,292,219000000
async_protobuf,ten_strings_fifty_decimal_strings,3,1000000,1000000,0,1199,45475272,1072778236,22.462,41,42,1047.380,1000,1166,1199000000
async_protobuf,one_string_ten_int64,4,1000000,1000000,0,55,55218459,161368196,29.701,41,83,128.356,125,167,55000000
async_protobuf,one_string_ten_decimal_strings,4,1000000,1000000,0,219,52995139,301635188,25.985,41,42,270.716,250,292,219000000
async_protobuf,ten_strings_fifty_decimal_strings,4,1000000,1000000,0,1199,48532401,1090244697,24.254,41,42,1064.180,1042,1208,1199000000
async_protobuf,one_string_ten_int64,5,1000000,1000000,0,55,81397451,187142895,45.872,42,208,143.246,125,250,55000000
async_protobuf,one_string_ten_decimal_strings,5,1000000,1000000,0,219,54650400,315403570,26.911,41,42,280.693,250,625,219000000
async_protobuf,ten_strings_fifty_decimal_strings,5,1000000,1000000,0,1199,47089059,1203744109,23.418,41,42,1176.325,1042,2792,1199000000
async_protobuf,one_string_ten_int64,6,1000000,1000000,0,55,56186119,161946438,30.693,41,83,128.652,125,167,55000000
async_protobuf,one_string_ten_decimal_strings,6,1000000,1000000,0,219,52816555,292600462,26.023,41,42,262.315,250,292,219000000
async_protobuf,ten_strings_fifty_decimal_strings,6,1000000,1000000,0,1199,45657424,1045993115,22.740,41,42,1021.333,1000,1084,1199000000
async_protobuf,one_string_ten_int64,7,1000000,1000000,0,55,55381739,161487351,29.908,41,83,128.354,125,167,55000000
async_protobuf,one_string_ten_decimal_strings,7,1000000,1000000,0,219,52770513,291187119,26.015,41,42,261.180,250,292,219000000
async_protobuf,ten_strings_fifty_decimal_strings,7,1000000,1000000,0,1199,45481424,1041921630,22.667,41,42,1017.224,1000,1084,1199000000
async_protobuf,one_string_ten_int64,8,1000000,1000000,0,55,56099452,161292059,30.434,41,83,128.530,125,167,55000000
async_protobuf,one_string_ten_decimal_strings,8,1000000,1000000,0,219,52974889,290213363,26.020,41,42,260.025,250,292,219000000
async_protobuf,ten_strings_fifty_decimal_strings,8,1000000,1000000,0,1199,45449924,1078446453,22.765,41,42,1052.547,1041,1167,1199000000
async_protobuf,one_string_ten_int64,9,1000000,1000000,0,55,55648823,161206183,29.889,41,83,128.225,125,167,55000000
async_protobuf,one_string_ten_decimal_strings,9,1000000,1000000,0,219,52991931,289470108,26.142,41,83,259.551,250,292,219000000
async_protobuf,ten_strings_fifty_decimal_strings,9,1000000,1000000,0,1199,45433590,1049594055,22.699,41,42,1024.631,1000,1125,1199000000
async_protobuf,one_string_ten_int64,10,1000000,1000000,0,55,56711497,162758360,30.758,41,83,129.338,125,167,55000000
async_protobuf,one_string_ten_decimal_strings,10,1000000,1000000,0,219,53011889,290000320,26.172,41,83,259.872,250,292,219000000
async_protobuf,ten_strings_fifty_decimal_strings,10,1000000,1000000,0,1199,45138463,1075953394,22.446,41,42,1050.627,1000,1167,1199000000
async_pipe,one_string_ten_int64,1,1000000,1000000,0,55,55309905,162733901,30.184,41,83,130.188,125,167,88000000
async_pipe,one_string_ten_decimal_strings,1,1000000,1000000,0,219,86188732,145976125,39.991,42,84,92.519,83,167,202000000
async_pipe,ten_strings_fifty_decimal_strings,1,1000000,1000000,0,1199,58368216,289796568,28.793,41,84,258.671,250,292,1088000000
async_pipe,one_string_ten_int64,2,1000000,1000000,0,55,55306863,163039528,29.879,41,83,130.428,125,167,88000000
async_pipe,one_string_ten_decimal_strings,2,1000000,1000000,0,219,79639647,131067818,36.850,42,83,80.589,83,125,202000000
async_pipe,ten_strings_fifty_decimal_strings,2,1000000,1000000,0,1199,53872729,281997809,26.477,41,42,251.994,250,292,1088000000
async_pipe,one_string_ten_int64,3,1000000,1000000,0,55,55296197,162798860,29.551,41,83,130.212,125,167,88000000
async_pipe,one_string_ten_decimal_strings,3,1000000,1000000,0,219,81094157,132403535,37.916,42,83,80.875,83,125,202000000
async_pipe,ten_strings_fifty_decimal_strings,3,1000000,1000000,0,1199,54104355,296260944,26.529,41,83,264.875,250,333,1088000000
async_pipe,one_string_ten_int64,4,1000000,1000000,0,55,55594323,163185821,30.583,41,84,130.525,125,167,88000000
async_pipe,one_string_ten_decimal_strings,4,1000000,1000000,0,219,82662542,133832045,38.570,42,84,81.903,83,125,202000000
async_pipe,ten_strings_fifty_decimal_strings,4,1000000,1000000,0,1199,53930895,293857637,26.455,41,83,262.882,250,292,1088000000
async_pipe,one_string_ten_int64,5,1000000,1000000,0,55,57908130,165517253,31.590,41,84,131.994,125,167,88000000
async_pipe,one_string_ten_decimal_strings,5,1000000,1000000,0,219,80038984,131031443,37.479,42,83,80.513,83,125,202000000
async_pipe,ten_strings_fifty_decimal_strings,5,1000000,1000000,0,1199,54237106,284424284,26.799,41,83,254.128,250,292,1088000000
async_pipe,one_string_ten_int64,6,1000000,1000000,0,55,55598365,163260196,30.054,41,83,130.588,125,167,88000000
async_pipe,one_string_ten_decimal_strings,6,1000000,1000000,0,219,75553329,128482510,35.364,42,83,81.430,83,125,202000000
async_pipe,ten_strings_fifty_decimal_strings,6,1000000,1000000,0,1199,54238481,297619953,26.565,41,83,266.146,250,292,1088000000
async_pipe,one_string_ten_int64,7,1000000,1000000,0,55,58043256,171208707,31.781,41,84,136.791,125,167,88000000
async_pipe,one_string_ten_decimal_strings,7,1000000,1000000,0,219,81103991,136206477,38.147,42,84,85.238,83,125,202000000
async_pipe,ten_strings_fifty_decimal_strings,7,1000000,1000000,0,1199,56052660,298672418,27.611,41,83,267.230,250,292,1088000000
async_pipe,one_string_ten_int64,8,1000000,1000000,0,55,67240316,180354350,36.195,42,208,139.825,125,167,88000000
async_pipe,one_string_ten_decimal_strings,8,1000000,1000000,0,219,87669617,147736637,41.218,42,125,93.223,83,167,202000000
async_pipe,ten_strings_fifty_decimal_strings,8,1000000,1000000,0,1199,63016206,329638205,31.199,41,125,294.392,250,666,1088000000
async_pipe,one_string_ten_int64,9,1000000,1000000,0,55,62851330,177899751,34.200,41,166,141.069,125,333,88000000
async_pipe,one_string_ten_decimal_strings,9,1000000,1000000,0,219,89576963,143684110,42.253,42,167,86.136,83,125,202000000
async_pipe,ten_strings_fifty_decimal_strings,9,1000000,1000000,0,1199,56994457,304181496,28.188,41,83,271.589,250,334,1088000000
async_pipe,one_string_ten_int64,10,1000000,1000000,0,55,70274378,186307139,37.928,42,208,143.705,125,333,88000000
async_pipe,one_string_ten_decimal_strings,10,1000000,1000000,0,219,80221901,139084954,37.400,42,83,87.990,83,167,202000000
async_pipe,ten_strings_fifty_decimal_strings,10,1000000,1000000,0,1199,55313988,323164371,27.277,41,83,289.624,250,667,1088000000
async_both,one_string_ten_int64,1,1000000,1000000,0,55,52417719,270238231,27.894,41,84,240.382,250,250,143000000
async_both,one_string_ten_decimal_strings,1,1000000,1000000,0,219,52622554,370085179,26.205,41,83,339.619,333,500,421000000
async_both,ten_strings_fifty_decimal_strings,1,1000000,1000000,0,1199,48217525,1305094565,23.946,41,42,1279.749,1250,1458,2287000000
async_both,one_string_ten_int64,2,1000000,1000000,0,55,53550685,283055525,28.638,41,84,251.478,250,334,143000000
async_both,one_string_ten_decimal_strings,2,1000000,1000000,0,219,51867382,344801763,25.728,41,83,315.842,333,334,421000000
async_both,ten_strings_fifty_decimal_strings,2,1000000,1000000,0,1199,46556472,1317494313,23.234,41,42,1292.520,1250,3333,2287000000
async_both,one_string_ten_int64,3,1000000,1000000,0,55,49910245,272539372,26.182,41,83,242.997,250,500,143000000
async_both,one_string_ten_decimal_strings,3,1000000,1000000,0,219,60327646,371361270,30.053,41,83,340.214,333,709,421000000
async_both,ten_strings_fifty_decimal_strings,3,1000000,1000000,0,1199,44831335,1276087458,22.045,41,42,1251.905,1250,1334,2287000000
async_both,one_string_ten_int64,4,1000000,1000000,0,55,50762500,260240083,27.131,41,84,231.543,250,250,143000000
async_both,one_string_ten_decimal_strings,4,1000000,1000000,0,219,50720916,345044223,25.317,41,83,316.509,333,334,421000000
async_both,ten_strings_fifty_decimal_strings,4,1000000,1000000,0,1199,44930711,1276519044,22.267,41,42,1252.445,1250,1375,2287000000
async_both,one_string_ten_int64,5,1000000,1000000,0,55,53163474,268287552,28.087,41,83,238.503,250,292,143000000
async_both,one_string_ten_decimal_strings,5,1000000,1000000,0,219,50683458,348285244,25.374,41,83,319.501,333,375,421000000
async_both,ten_strings_fifty_decimal_strings,5,1000000,1000000,0,1199,47000975,1274928326,23.472,41,42,1250.846,1250,1375,2287000000
async_both,one_string_ten_int64,6,1000000,1000000,0,55,50350331,260058582,26.964,41,84,231.269,250,250,143000000
async_both,one_string_ten_decimal_strings,6,1000000,1000000,0,219,51596797,342938917,25.655,41,83,314.358,292,334,421000000
async_both,ten_strings_fifty_decimal_strings,6,1000000,1000000,0,1199,45686758,1274356155,22.802,41,42,1250.191,1250,1334,2287000000
async_both,one_string_ten_int64,7,1000000,1000000,0,55,51591713,267038919,27.154,41,83,237.530,250,292,143000000
async_both,one_string_ten_decimal_strings,7,1000000,1000000,0,219,51438046,344074050,25.647,41,83,315.546,333,334,421000000
async_both,ten_strings_fifty_decimal_strings,7,1000000,1000000,0,1199,45137254,1273906277,22.478,41,42,1249.852,1250,1375,2287000000
async_both,one_string_ten_int64,8,1000000,1000000,0,55,50445873,261872385,26.878,41,83,232.898,250,250,143000000
async_both,one_string_ten_decimal_strings,8,1000000,1000000,0,219,51960091,352517647,25.812,41,83,323.126,333,375,421000000
async_both,ten_strings_fifty_decimal_strings,8,1000000,1000000,0,1199,44921170,1325430073,22.450,41,42,1299.256,1250,1459,2287000000
async_both,one_string_ten_int64,9,1000000,1000000,0,55,50186371,260233791,26.545,41,83,231.731,250,250,143000000
async_both,one_string_ten_decimal_strings,9,1000000,1000000,0,219,52427136,345454975,26.077,41,83,316.514,333,334,421000000
async_both,ten_strings_fifty_decimal_strings,9,1000000,1000000,0,1199,45070421,1280521306,22.359,41,42,1255.911,1250,1375,2287000000
async_both,one_string_ten_int64,10,1000000,1000000,0,55,51964929,261897898,27.676,41,83,233.070,250,250,143000000
async_both,one_string_ten_decimal_strings,10,1000000,1000000,0,219,53544408,362015498,26.673,41,83,331.581,333,416,421000000
async_both,ten_strings_fifty_decimal_strings,10,1000000,1000000,0,1199,44842939,1268564293,22.389,41,42,1244.648,1250,1334,2287000000
