distribution,repetition,iterations,mean_bytes,serialized_bytes_last,elapsed_ns,ns_per_encode,encodes_per_second,checksum
int64_small_varints,1,1000000,29,29,56337597.000,56.338,17750135.846,10000000
int64_small_varints,2,1000000,29.000,29,55408527.000,55.409,18047763.659,10000000
int64_small_varints,3,1000000,29.000,29,55455120.000,55.455,18032600.056,10000000
int64_small_varints,4,1000000,29.000,29,55758254.000,55.758,17934564.450,10000000
int64_small_varints,5,1000000,29.000,29,54488101.000,54.488,18352630.788,10000000
int64_small_varints,6,1000000,29.000,29,55675580.000,55.676,17961195.914,10000000
int64_small_varints,7,1000000,29.000,29,55883422.000,55.883,17894394.513,10000000
int64_small_varints,8,1000000,29.000,29,53833925.000,53.834,18575647.234,10000000
int64_small_varints,9,1000000,29.000,29,54482102.000,54.482,18354651.588,10000000
int64_small_varints,10,1000000,29.000,29,55975137.000,55.975,17865074.631,10000000
int64_large_varints,1,1000000,109.000,109,101219772.000,101.220,9879492.714,10000000
int64_large_varints,2,1000000,109.000,109,102531365.000,102.531,9753113.108,10000000
int64_large_varints,3,1000000,109.000,109,101648641.000,101.649,9837809.834,10000000
int64_large_varints,4,1000000,109.000,109,103530449.000,103.530,9658994.138,10000000
int64_large_varints,5,1000000,109.000,109,104022816.000,104.023,9613275.611,10000000
int64_large_varints,6,1000000,109.000,109,100836354.000,100.836,9917058.286,10000000
int64_large_varints,7,1000000,109.000,109,100258751.000,100.259,9974191.679,10000000
int64_large_varints,8,1000000,109.000,109,101491816.000,101.492,9853011.202,10000000
int64_large_varints,9,1000000,109.000,109,101902071.000,101.902,9813343.244,10000000
int64_large_varints,10,1000000,109.000,109,101922735.000,101.923,9811353.669,10000000
int64_negative_standard_varint,1,1000000,119.000,119,102374270.000,102.374,9768079.421,10000000
int64_negative_standard_varint,2,1000000,119.000,119,101106255.000,101.106,9890584.910,10000000
int64_negative_standard_varint,3,1000000,119.000,119,102344262.000,102.344,9770943.485,10000000
int64_negative_standard_varint,4,1000000,119.000,119,100932651.000,100.933,9907596.700,10000000
int64_negative_standard_varint,5,1000000,119.000,119,101111269.000,101.111,9890094.446,10000000
int64_negative_standard_varint,6,1000000,119.000,119,101099785.000,101.100,9891217.870,10000000
int64_negative_standard_varint,7,1000000,119.000,119,101179802.000,101.180,9883395.502,10000000
int64_negative_standard_varint,8,1000000,119.000,119,101132341.000,101.132,9888033.740,10000000
int64_negative_standard_varint,9,1000000,119.000,119,101422918.000,101.423,9859704.490,10000000
int64_negative_standard_varint,10,1000000,119.000,119,101263480.000,101.263,9875228.463,10000000
int64_mixed_distribution,1,1000000,76.500,76,80030694.000,80.031,12495205.902,10000000
int64_mixed_distribution,2,1000000,76.500,76,80530089.000,80.530,12417718.798,10000000
int64_mixed_distribution,3,1000000,76.500,76,81354954.000,81.355,12291814.460,10000000
int64_mixed_distribution,4,1000000,76.500,76,80979250.000,80.979,12348842.450,10000000
int64_mixed_distribution,5,1000000,76.500,76,80470329.000,80.470,12426940.618,10000000
int64_mixed_distribution,6,1000000,76.500,76,81259054.000,81.259,12306320.967,10000000
int64_mixed_distribution,7,1000000,76.500,76,79707089.000,79.707,12545935.532,10000000
int64_mixed_distribution,8,1000000,76.500,76,80142745.000,80.143,12477735.820,10000000
int64_mixed_distribution,9,1000000,76.500,76,79335218.000,79.335,12604742.575,10000000
int64_mixed_distribution,10,1000000,76.500,76,80170426.000,80.170,12473427.545,10000000
string_short_ascii,1,1000000,49.000,49,60323264.000,60.323,16577352.313,10000000
string_short_ascii,2,1000000,49.000,49,61775675.000,61.776,16187601.350,10000000
string_short_ascii,3,1000000,49.000,49,62231727.000,62.232,16068973.950,10000000
string_short_ascii,4,1000000,49.000,49,62827729.000,62.828,15916539.017,10000000
string_short_ascii,5,1000000,49.000,49,62615829.000,62.616,15970402.628,10000000
string_short_ascii,6,1000000,49.000,49,62076632.000,62.077,16109121.384,10000000
string_short_ascii,7,1000000,49.000,49,62791061.000,62.791,15925833.774,10000000
string_short_ascii,8,1000000,49.000,49,63535411.000,63.535,15739254.445,10000000
string_short_ascii,9,1000000,49.000,49,61405944.000,61.406,16285068.429,10000000
string_short_ascii,10,1000000,49.000,49,63230182.000,63.230,15815232.036,10000000
string_long_ascii_256,1,1000000,299.000,299,74834020.000,74.834,13362906.336,10000000
string_long_ascii_256,2,1000000,299.000,299,72818605.000,72.819,13732754.150,10000000
string_long_ascii_256,3,1000000,299.000,299,74126921.000,74.127,13490375.514,10000000
string_long_ascii_256,4,1000000,299.000,299,73817396.000,73.817,13546942.241,10000000
string_long_ascii_256,5,1000000,299.000,299,74211712.000,74.212,13474962.011,10000000
string_long_ascii_256,6,1000000,299.000,299,73887960.000,73.888,13534004.728,10000000
string_long_ascii_256,7,1000000,299.000,299,74616205.000,74.616,13401914.504,10000000
string_long_ascii_256,8,1000000,299.000,299,74428666.000,74.429,13435683.504,10000000
string_long_ascii_256,9,1000000,299.000,299,73629192.000,73.629,13581569.658,10000000
string_long_ascii_256,10,1000000,299.000,299,74347550.000,74.348,13450342.345,10000000
string_multibyte_utf8,1,1000000,67.916,68,88650099.000,88.650,11280303.252,10000000
string_multibyte_utf8,2,1000000,67.916,68,89552827.000,89.553,11166593.323,10000000
string_multibyte_utf8,3,1000000,67.916,68,88965400.000,88.965,11240324.890,10000000
string_multibyte_utf8,4,1000000,67.916,68,95217813.000,95.218,10502236.593,10000000
string_multibyte_utf8,5,1000000,67.916,68,90072091.000,90.072,11102218.111,10000000
string_multibyte_utf8,6,1000000,67.916,68,90414746.000,90.415,11060142.778,10000000
string_multibyte_utf8,7,1000000,67.916,68,89498914.000,89.499,11173319.935,10000000
string_multibyte_utf8,8,1000000,67.916,68,89815453.000,89.815,11133941.506,10000000
string_multibyte_utf8,9,1000000,67.916,68,88806708.000,88.807,11260410.644,10000000
string_multibyte_utf8,10,1000000,67.916,68,89160567.000,89.161,11215720.510,10000000
